<?xml version="1.0" encoding="UTF-8"?>
<ivy-module version="2.0" xmlns:m="http://ant.apache.org/ivy/maven">
  <info organisation="org.flysnow.androidgradlebook.ex69" module="example69" revision="1.0.0" status="integration" publication="20160124221756">
    <description/>
  </info>
  <configurations>
    <conf name="archives" visibility="public" description="Configuration for archive artifacts."/>
    <conf name="compile" visibility="private" description="Compile classpath for source set 'main'."/>
    <conf name="default" visibility="public" description="Configuration for default artifacts." extends="runtime"/>
    <conf name="runtime" visibility="private" description="Runtime classpath for source set 'main'." extends="compile"/>
    <conf name="testCompile" visibility="private" description="Compile classpath for source set 'test'." extends="compile"/>
    <conf name="testRuntime" visibility="private" description="Runtime classpath for source set 'test'." extends="runtime,testCompile"/>
  </configurations>
  <publications>
    <artifact name="example69" type="jar" ext="jar" conf="archives,archives,runtime"/>
  </publications>
</ivy-module>
